-- -----------------------------------------------------
/*Cargando las imágenes de las categorías*/
-- -----------------------------------------------------

INSERT INTO `PI_GRUPO10`.`imagen` (`id`, `titulo`, `url_img`) VALUES ('1', 'deportivos', 'https://ubicarbd.s3.us-east-2.amazonaws.com/previewCategorias/deportivos.png');
INSERT INTO `PI_GRUPO10`.`imagen` (`id`, `titulo`, `url_img`) VALUES ('2', 'ecologicos', 'https://ubicarbd.s3.us-east-2.amazonaws.com/previewCategorias/ecologicos.png');
INSERT INTO `PI_GRUPO10`.`imagen` (`id`, `titulo`, `url_img`) VALUES ('3', 'economicos', 'https://ubicarbd.s3.us-east-2.amazonaws.com/previewCategorias/economicos.png');
INSERT INTO `PI_GRUPO10`.`imagen` (`id`, `titulo`, `url_img`) VALUES ('4', 'lujosos', 'https://ubicarbd.s3.us-east-2.amazonaws.com/previewCategorias/lujosos.png');

-- -----------------------------------------------------
/*Cargando las imágenes de los productos*/
-- -----------------------------------------------------

INSERT INTO `PI_GRUPO10`.`imagen` (`id`, `titulo`, `url_img`) VALUES ('5', 'AudiR8SpyderV10', 'https://ubicarbd.s3.us-east-2.amazonaws.com/imagenesCarros/deportivos/AudiR8SpyderV10.png');
INSERT INTO `PI_GRUPO10`.`imagen` (`id`, `titulo`, `url_img`) VALUES ('6', 'BmwI8CoupePureImpulse', 'https://ubicarbd.s3.us-east-2.amazonaws.com/imagenesCarros/deportivos/BmwI8CoupePureImpulse.png');
INSERT INTO `PI_GRUPO10`.`imagen` (`id`, `titulo`, `url_img`) VALUES ('7', 'BmwI8RoadsterCabrioFirstEdition', 'https://ubicarbd.s3.us-east-2.amazonaws.com/imagenesCarros/deportivos/BmwI8RoadsterCabrioFirstEdition.png');
INSERT INTO `PI_GRUPO10`.`imagen` (`id`, `titulo`, `url_img`) VALUES ('8', 'FerrariGtc4Lusso', 'https://ubicarbd.s3.us-east-2.amazonaws.com/imagenesCarros/deportivos/FerrariGtc4Lusso.png');
INSERT INTO `PI_GRUPO10`.`imagen` (`id`, `titulo`, `url_img`) VALUES ('9', 'FerrariRoma', 'https://ubicarbd.s3.us-east-2.amazonaws.com/imagenesCarros/deportivos/FerrariRoma.png');
INSERT INTO `PI_GRUPO10`.`imagen` (`id`, `titulo`, `url_img`) VALUES ('10', 'LamborghiniAventadorLp7004Rds', 'https://ubicarbd.s3.us-east-2.amazonaws.com/imagenesCarros/deportivos/LamborghiniAventadorLp7004Rds.png');
INSERT INTO `PI_GRUPO10`.`imagen` (`id`, `titulo`, `url_img`) VALUES ('11', 'LamborghiniHuracanEvo', 'https://ubicarbd.s3.us-east-2.amazonaws.com/imagenesCarros/deportivos/LamborghiniHuracanEvo.png');
INSERT INTO `PI_GRUPO10`.`imagen` (`id`, `titulo`, `url_img`) VALUES ('12', 'Mclaren720S', 'https://ubicarbd.s3.us-east-2.amazonaws.com/imagenesCarros/deportivos/Mclaren720S.png');
INSERT INTO `PI_GRUPO10`.`imagen` (`id`, `titulo`, `url_img`) VALUES ('13', 'Fiat500Mdae', 'https://ubicarbd.s3.us-east-2.amazonaws.com/imagenesCarros/ecologicos/Fiat500Mdae.png');
INSERT INTO `PI_GRUPO10`.`imagen` (`id`, `titulo`, `url_img`) VALUES ('14', 'KiaENiro', 'https://ubicarbd.s3.us-east-2.amazonaws.com/imagenesCarros/ecologicos/KiaENiro.png');
INSERT INTO `PI_GRUPO10`.`imagen` (`id`, `titulo`, `url_img`) VALUES ('15', 'MustangMachE', 'https://ubicarbd.s3.us-east-2.amazonaws.com/imagenesCarros/ecologicos/MustangMachE.png');
INSERT INTO `PI_GRUPO10`.`imagen` (`id`, `titulo`, `url_img`) VALUES ('16', 'NissanLeaf', 'https://ubicarbd.s3.us-east-2.amazonaws.com/imagenesCarros/ecologicos/NissanLeaf.png');
INSERT INTO `PI_GRUPO10`.`imagen` (`id`, `titulo`, `url_img`) VALUES ('17', 'RenaultTwizy', 'https://ubicarbd.s3.us-east-2.amazonaws.com/imagenesCarros/ecologicos/RenaultTwizy.png');
INSERT INTO `PI_GRUPO10`.`imagen` (`id`, `titulo`, `url_img`) VALUES ('18', 'RenaultZoe', 'https://ubicarbd.s3.us-east-2.amazonaws.com/imagenesCarros/ecologicos/RenaultZoe.png');
INSERT INTO `PI_GRUPO10`.`imagen` (`id`, `titulo`, `url_img`) VALUES ('19', 'SmartForfourMdae', 'https://ubicarbd.s3.us-east-2.amazonaws.com/imagenesCarros/ecologicos/SmartForfourMdae.png');
INSERT INTO `PI_GRUPO10`.`imagen` (`id`, `titulo`, `url_img`) VALUES ('20', 'TeslaModel3', 'https://ubicarbd.s3.us-east-2.amazonaws.com/imagenesCarros/ecologicos/TeslaModel3.png');
INSERT INTO `PI_GRUPO10`.`imagen` (`id`, `titulo`, `url_img`) VALUES ('21', 'ChevroletSail', 'https://ubicarbd.s3.us-east-2.amazonaws.com/imagenesCarros/economicos/ChevroletSail.png');
INSERT INTO `PI_GRUPO10`.`imagen` (`id`, `titulo`, `url_img`) VALUES ('22', 'ChevroletSparkGt', 'https://ubicarbd.s3.us-east-2.amazonaws.com/imagenesCarros/economicos/ChevroletSparkGt.png');
INSERT INTO `PI_GRUPO10`.`imagen` (`id`, `titulo`, `url_img`) VALUES ('23', 'FiatMobi', 'https://ubicarbd.s3.us-east-2.amazonaws.com/imagenesCarros/economicos/FiatMobi.png');
INSERT INTO `PI_GRUPO10`.`imagen` (`id`, `titulo`, `url_img`) VALUES ('24', 'NissanVersa', 'https://ubicarbd.s3.us-east-2.amazonaws.com/imagenesCarros/economicos/NissanVersa.png');
INSERT INTO `PI_GRUPO10`.`imagen` (`id`, `titulo`, `url_img`) VALUES ('25', 'RenaultKwid', 'https://ubicarbd.s3.us-east-2.amazonaws.com/imagenesCarros/economicos/RenaultKwid.png');
INSERT INTO `PI_GRUPO10`.`imagen` (`id`, `titulo`, `url_img`) VALUES ('26', 'RenaultLogan', 'https://ubicarbd.s3.us-east-2.amazonaws.com/imagenesCarros/economicos/RenaultLogan.png');
INSERT INTO `PI_GRUPO10`.`imagen` (`id`, `titulo`, `url_img`) VALUES ('27', 'SuzukiSPresso', 'https://ubicarbd.s3.us-east-2.amazonaws.com/imagenesCarros/economicos/SuzukiSPresso.png');
INSERT INTO `PI_GRUPO10`.`imagen` (`id`, `titulo`, `url_img`) VALUES ('28', 'SuzukiSwift', 'https://ubicarbd.s3.us-east-2.amazonaws.com/imagenesCarros/economicos/SuzukiSwift.png');
INSERT INTO `PI_GRUPO10`.`imagen` (`id`, `titulo`, `url_img`) VALUES ('29', 'BentleyContinentalGtcV12Speed', 'https://ubicarbd.s3.us-east-2.amazonaws.com/imagenesCarros/lujosos/BentleyContinentalGtcV12Speed.png');
INSERT INTO `PI_GRUPO10`.`imagen` (`id`, `titulo`, `url_img`) VALUES ('30', 'LandRoverRangeRoverEvoqueHseCabrioSd4', 'https://ubicarbd.s3.us-east-2.amazonaws.com/imagenesCarros/lujosos/LandRoverRangeRoverEvoqueHseCabrioSd4.png');
INSERT INTO `PI_GRUPO10`.`imagen` (`id`, `titulo`, `url_img`) VALUES ('31', 'MaybachS650Cabriolet', 'https://ubicarbd.s3.us-east-2.amazonaws.com/imagenesCarros/lujosos/MaybachS650Cabriolet.png');
INSERT INTO `PI_GRUPO10`.`imagen` (`id`, `titulo`, `url_img`) VALUES ('32', 'MercedesBenzAmgSl63Cabrio4Matic', 'https://ubicarbd.s3.us-east-2.amazonaws.com/imagenesCarros/lujosos/MercedesBenzAmgSl63Cabrio4Matic.png');
INSERT INTO `PI_GRUPO10`.`imagen` (`id`, `titulo`, `url_img`) VALUES ('33', 'MiniCooperSConvertible', 'https://ubicarbd.s3.us-east-2.amazonaws.com/imagenesCarros/lujosos/MiniCooperSConvertible.png');
INSERT INTO `PI_GRUPO10`.`imagen` (`id`, `titulo`, `url_img`) VALUES ('34', 'NissanSentra', 'https://ubicarbd.s3.us-east-2.amazonaws.com/imagenesCarros/lujosos/NissanSentra.png');
INSERT INTO `PI_GRUPO10`.`imagen` (`id`, `titulo`, `url_img`) VALUES ('35', 'Porsche911991TurboCabrioSLed', 'https://ubicarbd.s3.us-east-2.amazonaws.com/imagenesCarros/lujosos/Porsche911991TurboCabrioSLed.png');
/*INSERT INTO `PI_GRUPO10`.`imagen` (`id`, `titulo`, `url_img`) VALUES ('36', 'VolkswagenJetta', 'https://ubicarbd.s3.us-east-2.amazonaws.com/imagenesCarros/lujosos/VolkswagenJetta.png');*/

-- -----------------------------------------------------
/*Cargando las imágenes del interior de los productos*/
-- -----------------------------------------------------

INSERT INTO `PI_GRUPO10`.`imagen` (`id`, `titulo`, `url_img`) VALUES ('37', 'zInteriorDeportivo1', 'https://ubicarbd.s3.us-east-2.amazonaws.com/imagenesCarros/deportivos/zInteriorDeportivo1.png');
INSERT INTO `PI_GRUPO10`.`imagen` (`id`, `titulo`, `url_img`) VALUES ('38', 'zInteriorDeportivo2', 'https://ubicarbd.s3.us-east-2.amazonaws.com/imagenesCarros/deportivos/zInteriorDeportivo2.png');
INSERT INTO `PI_GRUPO10`.`imagen` (`id`, `titulo`, `url_img`) VALUES ('39', 'zInteriorDeportivo3', 'https://ubicarbd.s3.us-east-2.amazonaws.com/imagenesCarros/deportivos/zInteriorDeportivo3.png');
INSERT INTO `PI_GRUPO10`.`imagen` (`id`, `titulo`, `url_img`) VALUES ('40', 'zInteriorDeportivo4', 'https://ubicarbd.s3.us-east-2.amazonaws.com/imagenesCarros/deportivos/zInteriorDeportivo4.png');
INSERT INTO `PI_GRUPO10`.`imagen` (`id`, `titulo`, `url_img`) VALUES ('41', 'zInteriorDeportivo5', 'https://ubicarbd.s3.us-east-2.amazonaws.com/imagenesCarros/deportivos/zInteriorDeportivo5.png');
INSERT INTO `PI_GRUPO10`.`imagen` (`id`, `titulo`, `url_img`) VALUES ('42', 'zInteriorEcologico1', 'https://ubicarbd.s3.us-east-2.amazonaws.com/imagenesCarros/ecologicos/zInteriorEcologico1.png');
INSERT INTO `PI_GRUPO10`.`imagen` (`id`, `titulo`, `url_img`) VALUES ('43', 'zInteriorEcologico2', 'https://ubicarbd.s3.us-east-2.amazonaws.com/imagenesCarros/ecologicos/zInteriorEcologico2.png');
INSERT INTO `PI_GRUPO10`.`imagen` (`id`, `titulo`, `url_img`) VALUES ('44', 'zInteriorEcologico3', 'https://ubicarbd.s3.us-east-2.amazonaws.com/imagenesCarros/ecologicos/zInteriorEcologico3.png');
INSERT INTO `PI_GRUPO10`.`imagen` (`id`, `titulo`, `url_img`) VALUES ('45', 'zInteriorEcologico4', 'https://ubicarbd.s3.us-east-2.amazonaws.com/imagenesCarros/ecologicos/zInteriorEcologico4.png');
INSERT INTO `PI_GRUPO10`.`imagen` (`id`, `titulo`, `url_img`) VALUES ('46', 'zInteriorEcologico5', 'https://ubicarbd.s3.us-east-2.amazonaws.com/imagenesCarros/ecologicos/zInteriorEcologico5.png');
INSERT INTO `PI_GRUPO10`.`imagen` (`id`, `titulo`, `url_img`) VALUES ('47', 'zInteriorEconomico1', 'https://ubicarbd.s3.us-east-2.amazonaws.com/imagenesCarros/economicos/zInteriorEconomico1.png');
INSERT INTO `PI_GRUPO10`.`imagen` (`id`, `titulo`, `url_img`) VALUES ('48', 'zInteriorEconomico2', 'https://ubicarbd.s3.us-east-2.amazonaws.com/imagenesCarros/economicos/zInteriorEconomico2.png');
INSERT INTO `PI_GRUPO10`.`imagen` (`id`, `titulo`, `url_img`) VALUES ('49', 'zInteriorEconomico3', 'https://ubicarbd.s3.us-east-2.amazonaws.com/imagenesCarros/economicos/zInteriorEconomico3.png');
INSERT INTO `PI_GRUPO10`.`imagen` (`id`, `titulo`, `url_img`) VALUES ('50', 'zInteriorEconomico4', 'https://ubicarbd.s3.us-east-2.amazonaws.com/imagenesCarros/economicos/zInteriorEconomico4.png');
INSERT INTO `PI_GRUPO10`.`imagen` (`id`, `titulo`, `url_img`) VALUES ('51', 'zInteriorEconomico5', 'https://ubicarbd.s3.us-east-2.amazonaws.com/imagenesCarros/economicos/zInteriorEconomico5.png');
INSERT INTO `PI_GRUPO10`.`imagen` (`id`, `titulo`, `url_img`) VALUES ('52', 'zInteriorEconomico6', 'https://ubicarbd.s3.us-east-2.amazonaws.com/imagenesCarros/economicos/zInteriorEconomico6.png');
INSERT INTO `PI_GRUPO10`.`imagen` (`id`, `titulo`, `url_img`) VALUES ('53', 'zInteriorLujoso1', 'https://ubicarbd.s3.us-east-2.amazonaws.com/imagenesCarros/lujosos/zInteriorLujoso1.png');
INSERT INTO `PI_GRUPO10`.`imagen` (`id`, `titulo`, `url_img`) VALUES ('54', 'zInteriorLujoso2', 'https://ubicarbd.s3.us-east-2.amazonaws.com/imagenesCarros/lujosos/zInteriorLujoso2.png');
INSERT INTO `PI_GRUPO10`.`imagen` (`id`, `titulo`, `url_img`) VALUES ('55', 'zInteriorLujoso3', 'https://ubicarbd.s3.us-east-2.amazonaws.com/imagenesCarros/lujosos/zInteriorLujoso3.png');
INSERT INTO `PI_GRUPO10`.`imagen` (`id`, `titulo`, `url_img`) VALUES ('56', 'zInteriorLujoso4', 'https://ubicarbd.s3.us-east-2.amazonaws.com/imagenesCarros/lujosos/zInteriorLujoso4.png');
INSERT INTO `PI_GRUPO10`.`imagen` (`id`, `titulo`, `url_img`) VALUES ('57', 'zInteriorLujoso5', 'https://ubicarbd.s3.us-east-2.amazonaws.com/imagenesCarros/lujosos/zInteriorLujoso5.png');

-- -----------------------------------------------------
/*Cargando las imágenes de los logos, sliders, y demás útiles*/
-- -----------------------------------------------------

INSERT INTO `PI_GRUPO10`.`imagen` (`id`, `titulo`, `url_img`) VALUES ('58', 'logoCar', 'https://ubicarbd.s3.us-east-2.amazonaws.com/logos/car.svg');
INSERT INTO `PI_GRUPO10`.`imagen` (`id`, `titulo`, `url_img`) VALUES ('59', 'logo', 'https://ubicarbd.s3.us-east-2.amazonaws.com/logos/logo.svg');
INSERT INTO `PI_GRUPO10`.`imagen` (`id`, `titulo`, `url_img`) VALUES ('60', 'logoLetras', 'https://ubicarbd.s3.us-east-2.amazonaws.com/logos/ubicar.svg');
INSERT INTO `PI_GRUPO10`.`imagen` (`id`, `titulo`, `url_img`) VALUES ('61', 'sliderPC1', 'https://ubicarbd.s3.us-east-2.amazonaws.com/slider/slider1pc.png');
INSERT INTO `PI_GRUPO10`.`imagen` (`id`, `titulo`, `url_img`) VALUES ('62', 'sliderPC2', 'https://ubicarbd.s3.us-east-2.amazonaws.com/slider/slider2pc.png');
INSERT INTO `PI_GRUPO10`.`imagen` (`id`, `titulo`, `url_img`) VALUES ('63', 'sliderPC3', 'https://ubicarbd.s3.us-east-2.amazonaws.com/slider/slider3pc.png');
INSERT INTO `PI_GRUPO10`.`imagen` (`id`, `titulo`, `url_img`) VALUES ('64', 'sliderMobile1', 'https://ubicarbd.s3.us-east-2.amazonaws.com/slider/sliderMobile/mobile1.png');
INSERT INTO `PI_GRUPO10`.`imagen` (`id`, `titulo`, `url_img`) VALUES ('65', 'sliderMobile2', 'https://ubicarbd.s3.us-east-2.amazonaws.com/slider/sliderMobile/mobile2.png');
INSERT INTO `PI_GRUPO10`.`imagen` (`id`, `titulo`, `url_img`) VALUES ('66', 'sliderMobile3', 'https://ubicarbd.s3.us-east-2.amazonaws.com/slider/sliderMobile/mobile3.png');

-- -----------------------------------------------------
/*Creando las categorías*/
-- -----------------------------------------------------

INSERT INTO `PI_GRUPO10`.`categoria` (`id`, `descripcion`, `titulo`, `imagen_id`) VALUES ('1', 'Autos de ruta y ciudad', 'Deportivos', '1');
INSERT INTO `PI_GRUPO10`.`categoria` (`id`, `descripcion`, `titulo`, `imagen_id`) VALUES ('2', 'Autos eléctricos ecofriendly', 'Ecológicos', '2');
INSERT INTO `PI_GRUPO10`.`categoria` (`id`, `descripcion`, `titulo`, `imagen_id`) VALUES ('3', 'Autos para disfrutar la ciudad', 'Económicos', '3');
INSERT INTO `PI_GRUPO10`.`categoria` (`id`, `descripcion`, `titulo`, `imagen_id`) VALUES ('4', 'Autos de alta gama y mucho prestigio', 'Lujosos', '4');

-- -----------------------------------------------------
/*Creando las ciudades*/
-- -----------------------------------------------------

INSERT INTO `PI_GRUPO10`.`ciudad` (`id`, `localidad`, `provincia`, `direccion`) VALUES (1, "CABA", "CABA", "Federico García Lorca 350, C1405AHD CABA");
INSERT INTO `PI_GRUPO10`.`ciudad` (`id`, `localidad`, `provincia`, `direccion`) VALUES (2, "Mar del Plata", "Buenos Aires", "Magallanes 7750, B7608 Mar del Plata");
INSERT INTO `PI_GRUPO10`.`ciudad` (`id`, `localidad`, `provincia`, `direccion`) VALUES (3, "La Plata", "Buenos Aires", "B1900 La Plata");
INSERT INTO `PI_GRUPO10`.`ciudad` (`id`, `localidad`, `provincia`, `direccion`) VALUES (4, "San Miguel", "Buenos Aires", "Güemes 3226, B1663LWL San Miguel");
INSERT INTO `PI_GRUPO10`.`ciudad` (`id`, `localidad`, `provincia`, `direccion`) VALUES (5, "Pinamar", "Buenos Aires", "Av. de las Tres Carabelas 966, Pinamar");


-- -----------------------------------------------------
/*Creando los productos ༼ つ ◕_◕ ༽つ*/
-- -----------------------------------------------------

INSERT INTO `PI_GRUPO10`.`producto` (`id`, `descripcion`, `titulo`, `categoria_id`, `ciudad_id`) VALUES ('1', 'Siente más con la indescriptible experiencia de conducir a cielo abierto mientras escuchas la sinfonía de su poderoso motor. Es un vehículo de look deportivo y aún así amigable con el medio ambiente.', 'AUDI R8 SPYDER V10', '1', '1');
INSERT INTO `PI_GRUPO10`.`producto` (`id`, `descripcion`, `titulo`, `categoria_id`, `ciudad_id`) VALUES ('2', 'El i8 combina el diseño, la tecnología y el consumo de los deportivos del futuro. Es una revolución en efeciencia energética y ahorro de combustible sin sacrificar potencia.', 'BMW I8 COUPE PURE IMPULSE', '1', '2');
INSERT INTO `PI_GRUPO10`.`producto` (`id`, `descripcion`, `titulo`, `categoria_id`, `ciudad_id`) VALUES ('3', 'versión descapotable de su deportivo híbrido conectable. Adicionalmente a su diseño inteligente cuenta con materiales y acabados impresionantes que agregan un toque súper premium.', 'BMW I8 ROADSTER CABRIO', '1', '3');
INSERT INTO `PI_GRUPO10`.`producto` (`id`, `descripcion`, `titulo`, `categoria_id`, `ciudad_id`) VALUES ('4', 'Potente a la par que sofisticado, deportivo y a la vez lujoso, el nuevo 12 cilindros de Ferrari convierte cada viaje en una experiencia radicalmente diferente.', 'FERRARI GTC4 LUSSO', '1', '4');
INSERT INTO `PI_GRUPO10`.`producto` (`id`, `descripcion`, `titulo`, `categoria_id`, `ciudad_id`) VALUES ('5', 'un modelo de elegante diseño inspirado en los años 60. No falta en ningún rincón detalles de la artesanía de exquisito gusto que lo distingue en combinación con un estilo inspirado en el mundo de la competición.', 'FERRARI ROMA', '1', '5');
INSERT INTO `PI_GRUPO10`.`producto` (`id`, `descripcion`, `titulo`, `categoria_id`, `ciudad_id`) VALUES ('6', 'automóvil superdeportivo producido por el fabricante italiano de autos Lamborghini. Se caracteriza por su diseño exquisito y moderno en su interior con una cojineria en cuero.', 'LAMBORGHINI AVENTADOR LP700-4', '1', '1');
INSERT INTO `PI_GRUPO10`.`producto` (`id`, `descripcion`, `titulo`, `categoria_id`, `ciudad_id`) VALUES ('7', 'El Huracán EVO Spyder ha sido diseñado para llevar al extremo el escalofrío de la experiencia de conduCción. Colores, aromas y sonidos se funden con un diseño seductor y materiales ultraligeros.', 'LAMBORGHINI HURACAN EVO', '1', '2');
INSERT INTO `PI_GRUPO10`.`producto` (`id`, `descripcion`, `titulo`, `categoria_id`, `ciudad_id`) VALUES ('8', 'El McLaren 720S es un deportivo completamente nuevo, con una nueva plataforma e importantes mejoras aerodinámicas y tecnológicas con respecto a sus predecesores', 'MCLAREN 720S', '1', '3');
INSERT INTO `PI_GRUPO10`.`producto` (`id`, `descripcion`, `titulo`, `categoria_id`, `ciudad_id`) VALUES ('9', 'La versión Icon. es un auténtico icono de estilo, tecnología, materiales y contenidos. Se caracteriza por su diseño deportivo y compacto.', 'FIAT 500 MDAE', '2', '4');
INSERT INTO `PI_GRUPO10`.`producto` (`id`, `descripcion`, `titulo`, `categoria_id`, `ciudad_id`) VALUES ('10', 'El Kia Niro se caracteriza por ofrecerse únicamente con mecánicas electrificadas: híbrido convencional no enchufable, híbrido enchufable y 100% eléctrico.', 'KIA E-NIRO', '2', '5');
INSERT INTO `PI_GRUPO10`.`producto` (`id`, `descripcion`, `titulo`, `categoria_id`, `ciudad_id`) VALUES ('11', 'El nuevo Ford Mustang Mach-E representa un nuevo concepto de vehículo para Ford, un SUV totalmente eléctrico inspirado por el famoso Pony Car.',' MUSTANG MACH E', '2', '1');
INSERT INTO `PI_GRUPO10`.`producto` (`id`, `descripcion`, `titulo`, `categoria_id`, `ciudad_id`) VALUES ('12', 'Nissan LEAF, el vehículo 100% eléctrico más vendido del mundo, es el auto insignia de la visión Nissan Intelligent Mobility.', 'NISSAN LEAF', '2', '2');
INSERT INTO `PI_GRUPO10`.`producto` (`id`, `descripcion`, `titulo`, `categoria_id`, `ciudad_id`) VALUES ('13', 'El Renault Twizy es el microurbano de dos plazas de la firma francesa Renault. Es un vehículo totalmente eléctrico destinado al uso en ciudad.', 'RENAULT TWIZY', '2', '3');
INSERT INTO `PI_GRUPO10`.`producto` (`id`, `descripcion`, `titulo`, `categoria_id`, `ciudad_id`) VALUES ('14', 'Renault Zoe te permite disfrutar un automóvil 100% Eléctrico, cuenta con una bateria de iones de litio con celdas de LG Chem.', 'RENAULT ZOE', '2', '4');
INSERT INTO `PI_GRUPO10`.`producto` (`id`, `descripcion`, `titulo`, `categoria_id`, `ciudad_id`) VALUES ('15', 'Un urbano eléctrico con carácter. Además, ha sido reconocido mundialmente por su diseño, autonomía, seguridad y eficiencia. Su conector "Camaleón" se adapta a diferentes intensidades.', 'SMART FORFOUR MDAE', '2', '5');
INSERT INTO `PI_GRUPO10`.`producto` (`id`, `descripcion`, `titulo`, `categoria_id`, `ciudad_id`) VALUES ('16', 'El Tesla Model 3 es una berlina de dimensiones compactas y 100% eléctrica. Se caracteriza por su diseño sobrio auque cuenta con un toque de linea deportiva.', 'TESLA MODEL 3', '2', '1');
INSERT INTO `PI_GRUPO10`.`producto` (`id`, `descripcion`, `titulo`, `categoria_id`, `ciudad_id`) VALUES ('17', 'Chevrolet Sail te permite disfrutar del sedán perfecto para transportar a toda la familia y contar adicionalmente con su gran capacidad de baúl. Es considerado un auto de un equilibrado consumo de combustible.', 'CHEVROLET SAIL', '3', '2');
INSERT INTO `PI_GRUPO10`.`producto` (`id`, `descripcion`, `titulo`, `categoria_id`, `ciudad_id`) VALUES ('18', 'Chevrolet Spark Gt es la mejor desición cuando se piensa en económia, es un vehículo con un excelente desempeño con bajo consumo de combustible.',  'CHEVROLET SPARK GT', '3', '3');
INSERT INTO `PI_GRUPO10`.`producto` (`id`, `descripcion`, `titulo`, `categoria_id`, `ciudad_id`) VALUES ('19', 'Fiat Mobi te permite disfrutar de un City Car con look exterior robusto y conceptos de diseño premium. El Fiat Mobi es un vehículo impulsado por un Motor 1.0 Litros a Gasolina con 69.3 caballos de fuerza.', 'FIAT MOBI', '3', '4');
INSERT INTO `PI_GRUPO10`.`producto` (`id`, `descripcion`, `titulo`, `categoria_id`, `ciudad_id`) VALUES ('20', 'Nissan Versa te permite contar con un Sedán que brinda un sistema de asistente de manejo que te ayuda a prevenir cualquier eventualidad de colosión.', 'NISSAN VERSA', '3', '5');
INSERT INTO `PI_GRUPO10`.`producto` (`id`, `descripcion`, `titulo`, `categoria_id`, `ciudad_id`) VALUES ('21', 'Renault Kwid te permite disfrutar un automóvil compacto con diseño de SUV,  El Renault Kwid cuenta con aspecto aventurero con despeje al piso de 18 cm para recorrer la ciudad con toda confianza.', 'RENAULT KWID', '3', '1');
INSERT INTO `PI_GRUPO10`.`producto` (`id`, `descripcion`, `titulo`, `categoria_id`, `ciudad_id`) VALUES ('22', 'Renault Logan te permite contar con un Sedán enfocado al concepto familiar debido a sus generosos espacios interiores y su gran capacidad de baúl. Sus 5 ocupantes pueden viajar con perfecta comodidad.', 'RENAULT LOGAN', '3', '2');
INSERT INTO `PI_GRUPO10`.`producto` (`id`, `descripcion`, `titulo`, `categoria_id`, `ciudad_id`) VALUES ('23', 'Suzuki S-Presso te permite disfrutar un automóvil compacto inspirado en el estilo de los icónicos SUV. El Suzuki S-Presso cuenta con diseño agil y moderno, con despeje al piso de 18 cm ideal para transitar sin preocupaciones.', 'SUZUKI S-PRESSO', '3', '3');
INSERT INTO `PI_GRUPO10`.`producto` (`id`, `descripcion`, `titulo`, `categoria_id`, `ciudad_id`) VALUES ('24', 'Suzuki Swift te permite disfrutar un automóvil Híbrido, cuenta con asistencia al motor utilizando el ISG. Ofrece buena calidad en los materiales y acabados, perfecto para transportar 5 ocupantes.', 'SUZUKI SWIFT', '3', '4');
INSERT INTO `PI_GRUPO10`.`producto` (`id`, `descripcion`, `titulo`, `categoria_id`, `ciudad_id`) VALUES ('25', 'Bentley ha elevado su rendimiento al máximo para convertirlo en el gran turismo más potente fabricado por la marca hasta ahora. Sin embargo, bajo esas prestaciones extremas, aguardan el máximo confort y lujo.', 'BENTLEY CONTINENTAL GTC V12', '4', '5');
INSERT INTO `PI_GRUPO10`.`producto` (`id`, `descripcion`, `titulo`, `categoria_id`, `ciudad_id`) VALUES ('26', 'Range Rover Evoque combina la capacidad diaria con una experiencia todoterreno segura. Range Rover Evoque viene equipado con Terrain Response 2 inteligente y All Terrain Progress Control.', 'LAND ROVER EVOQUE SD4', '4', '1');
INSERT INTO `PI_GRUPO10`.`producto` (`id`, `descripcion`, `titulo`, `categoria_id`, `ciudad_id`) VALUES ('27', 'Lujo y distinción al descubierto. Posee un espacio interior muy acogerdor con detalles que evocan sensación de comodidad y bienestar para transportar a sus ocupantes.', 'MAYBACH S 650 CABRIOLET', '4', '2');
INSERT INTO `PI_GRUPO10`.`producto` (`id`, `descripcion`, `titulo`, `categoria_id`, `ciudad_id`) VALUES ('28', 'un convertible con lo mejor de lo deportivo y el lujo, te permite manejar cualquier cambio en el clima o el terreno con facilidad. Elaborado para resaltar su atractivo estético y funcional que es difícil de ignorar.', 'MERCEDES-BENZ AMG SL 63 CABRIO', '4', '3');
INSERT INTO `PI_GRUPO10`.`producto` (`id`, `descripcion`, `titulo`, `categoria_id`, `ciudad_id`) VALUES ('29', 'Una conducción moderna por la ciudad.  Elija entre una gama de opciones de tren motriz que se adapte a sus necesidades. Adaptive Dynamics permite el manejo y el control de la carrocería más precisos.', 'MINI COOPER S CONVERTIBLE', '4', '4');
INSERT INTO `PI_GRUPO10`.`producto` (`id`, `descripcion`, `titulo`, `categoria_id`, `ciudad_id`) VALUES ('30', 'Nissan Sentra te permite disfrutar de un sedán con gran seguridad y desarrollo tecnológico. Esta diseñado para ofrecer más potencia y más torque sin usar combustible adicional.', 'NISSAN SENTRA', '4', '5');
INSERT INTO `PI_GRUPO10`.`producto` (`id`, `descripcion`, `titulo`, `categoria_id`, `ciudad_id`) VALUES ('31', 'El placer de conduCción más elevado. Un modelo para la eternidad, pero también para el día a día. Por todo aquello que representa el nombre Porsche. Prestaciones, deportividad, estilo.', 'PORSCHE 911 991 TURBO', '4', '1');
/*INSERT INTO `PI_GRUPO10`.`producto` (`id`, `descripcion`, `titulo`, `categoria_id`, `ciudad_id`) VALUES ('32', 'Volkswagen Jetta te permite disfrutar de un Sedán que cuenta con motor TSI que estan diseñados para obtener altos niveles de potencia y torque con menor consumo de combustible. Sus Terminaciones confluyen en un diseño Deportivo y Elegante.', 'VOLKSWAGEN JETTA', '4', '2');*/

-- -----------------------------------------------------
/*Agregando las imágenes a los productos*/
-- -----------------------------------------------------

INSERT INTO `PI_GRUPO10`.`producto_has_imagen` (`producto_id`, `imagen_id`) VALUES ('1', '5'), ('1', '37'),  ('1', '38'),  ('1', '39'),  ('1', '40'),  ('1', '41');
INSERT INTO `PI_GRUPO10`.`producto_has_imagen` (`producto_id`, `imagen_id`) VALUES ('2', '6'), ('2', '37'),  ('2', '38'),  ('2', '39'),  ('2', '40'),  ('2', '41');
INSERT INTO `PI_GRUPO10`.`producto_has_imagen` (`producto_id`, `imagen_id`) VALUES ('3', '7'), ('3', '37'),  ('3', '38'),  ('3', '39'),  ('3', '40'),  ('3', '41');
INSERT INTO `PI_GRUPO10`.`producto_has_imagen` (`producto_id`, `imagen_id`) VALUES ('4', '8'), ('4', '37'),  ('4', '38'),  ('4', '39'),  ('4', '40'),  ('4', '41');
INSERT INTO `PI_GRUPO10`.`producto_has_imagen` (`producto_id`, `imagen_id`) VALUES ('5', '9'), ('5', '37'),  ('5', '38'),  ('5', '39'),  ('5', '40'),  ('5', '41');
INSERT INTO `PI_GRUPO10`.`producto_has_imagen` (`producto_id`, `imagen_id`) VALUES ('6', '10'), ('6', '37'),  ('6', '38'),  ('6', '39'),  ('6', '40'),  ('6', '41');
INSERT INTO `PI_GRUPO10`.`producto_has_imagen` (`producto_id`, `imagen_id`) VALUES ('7', '11'), ('7', '37'),  ('7', '38'),  ('7', '39'),  ('7', '40'),  ('7', '41');
INSERT INTO `PI_GRUPO10`.`producto_has_imagen` (`producto_id`, `imagen_id`) VALUES ('8', '12'), ('8', '37'),  ('8', '38'),  ('8', '39'),  ('8', '40'),  ('8', '41');
INSERT INTO `PI_GRUPO10`.`producto_has_imagen` (`producto_id`, `imagen_id`) VALUES ('9', '13'), ('9', '42'), ('9', '43'), ('9', '44') , ('9', '45'), ('9', '46');
INSERT INTO `PI_GRUPO10`.`producto_has_imagen` (`producto_id`, `imagen_id`) VALUES ('10', '14'), ('10', '42'), ('10', '43'), ('10', '44') , ('10', '45'), ('10', '46');
INSERT INTO `PI_GRUPO10`.`producto_has_imagen` (`producto_id`, `imagen_id`) VALUES ('11', '15'), ('11', '42'), ('11', '43'), ('11', '44') , ('11', '45'), ('11', '46');
INSERT INTO `PI_GRUPO10`.`producto_has_imagen` (`producto_id`, `imagen_id`) VALUES ('12', '16'), ('12', '42'), ('12', '43'), ('12', '44') , ('12', '45'), ('12', '46');
INSERT INTO `PI_GRUPO10`.`producto_has_imagen` (`producto_id`, `imagen_id`) VALUES ('13', '17'), ('13', '42'), ('13', '43'), ('13', '44') , ('13', '45'), ('13', '46');
INSERT INTO `PI_GRUPO10`.`producto_has_imagen` (`producto_id`, `imagen_id`) VALUES ('14', '18'), ('14', '42'), ('14', '43'), ('14', '44') , ('14', '45'), ('14', '46');
INSERT INTO `PI_GRUPO10`.`producto_has_imagen` (`producto_id`, `imagen_id`) VALUES ('15', '19'), ('15', '42'), ('15', '43'), ('15', '44') , ('15', '45'), ('15', '46');
INSERT INTO `PI_GRUPO10`.`producto_has_imagen` (`producto_id`, `imagen_id`) VALUES ('16', '20'), ('16', '42'), ('16', '43'), ('16', '44') , ('16', '45'), ('16', '46');
INSERT INTO `PI_GRUPO10`.`producto_has_imagen` (`producto_id`, `imagen_id`) VALUES ('17', '21'), ('17', '47'), ('17', '48'), ('17', '49'), ('17', '50'), ('17', '51'), ('17', '52');
INSERT INTO `PI_GRUPO10`.`producto_has_imagen` (`producto_id`, `imagen_id`) VALUES ('18', '22'), ('18', '47'), ('18', '48'), ('18', '49'), ('18', '50'), ('18', '51'), ('18', '52');
INSERT INTO `PI_GRUPO10`.`producto_has_imagen` (`producto_id`, `imagen_id`) VALUES ('19', '23'), ('19', '47'), ('19', '48'), ('19', '49'), ('19', '50'), ('19', '51'), ('19', '52');
INSERT INTO `PI_GRUPO10`.`producto_has_imagen` (`producto_id`, `imagen_id`) VALUES ('20', '24'), ('20', '47'), ('20', '48'), ('20', '49'), ('20', '50'), ('20', '51'), ('20', '52');
INSERT INTO `PI_GRUPO10`.`producto_has_imagen` (`producto_id`, `imagen_id`) VALUES ('21', '25'), ('21', '47'), ('21', '48'), ('21', '49'), ('21', '50'), ('21', '51'), ('21', '52');
INSERT INTO `PI_GRUPO10`.`producto_has_imagen` (`producto_id`, `imagen_id`) VALUES ('22', '26'), ('22', '47'), ('22', '48'), ('22', '49'), ('22', '50'), ('22', '51'), ('22', '52');
INSERT INTO `PI_GRUPO10`.`producto_has_imagen` (`producto_id`, `imagen_id`) VALUES ('23', '27'), ('23', '47'), ('23', '48'), ('23', '49'), ('23', '50'), ('23', '51'), ('23', '52');
INSERT INTO `PI_GRUPO10`.`producto_has_imagen` (`producto_id`, `imagen_id`) VALUES ('24', '28'), ('24', '47'), ('24', '48'), ('24', '49'), ('24', '50'), ('24', '51'), ('24', '52');
INSERT INTO `PI_GRUPO10`.`producto_has_imagen` (`producto_id`, `imagen_id`) VALUES ('25', '29'), ('25', '53'), ('25', '54'), ('25', '55'), ('25', '56'), ('25', '57');
INSERT INTO `PI_GRUPO10`.`producto_has_imagen` (`producto_id`, `imagen_id`) VALUES ('26', '30'), ('26', '53'), ('26', '54'), ('26', '55'), ('26', '56'), ('26', '57');
INSERT INTO `PI_GRUPO10`.`producto_has_imagen` (`producto_id`, `imagen_id`) VALUES ('27', '31'), ('27', '53'), ('27', '54'), ('27', '55'), ('27', '56'), ('27', '57');
INSERT INTO `PI_GRUPO10`.`producto_has_imagen` (`producto_id`, `imagen_id`) VALUES ('28', '32'), ('28', '53'), ('28', '54'), ('28', '55'), ('28', '56'), ('28', '57');
INSERT INTO `PI_GRUPO10`.`producto_has_imagen` (`producto_id`, `imagen_id`) VALUES ('29', '33'), ('29', '53'), ('29', '54'), ('29', '55'), ('29', '56'), ('29', '57');
INSERT INTO `PI_GRUPO10`.`producto_has_imagen` (`producto_id`, `imagen_id`) VALUES ('30', '34'), ('30', '53'), ('30', '54'), ('30', '55'), ('30', '56'), ('30', '57');
INSERT INTO `PI_GRUPO10`.`producto_has_imagen` (`producto_id`, `imagen_id`) VALUES ('31', '35'), ('31', '53'), ('31', '54'), ('31', '55'), ('31', '56'), ('31', '57');
/*INSERT INTO `PI_GRUPO10`.`producto_has_imagen` (`producto_id`, `imagen_id`) VALUES ('32', '36'), ('32', '53'), ('32', '54'), ('32', '55'), ('32', '56'), ('32', '57');*/

-- -----------------------------------------------------
/*Creando las características*/
-- -----------------------------------------------------

INSERT INTO `PI_GRUPO10`.`caracteristica` (`id`, `icono`, `nombre`, `valor`) VALUES ('1', 'https://ubicarbd.s3.us-east-2.amazonaws.com/icon/people.svg', 'Plazas', '5');
INSERT INTO `PI_GRUPO10`.`caracteristica` (`id`, `icono`, `nombre`, `valor`) VALUES ('2', 'https://ubicarbd.s3.us-east-2.amazonaws.com/icon/people.svg', 'Plazas', '4');
INSERT INTO `PI_GRUPO10`.`caracteristica` (`id`, `icono`, `nombre`, `valor`) VALUES ('3', 'https://ubicarbd.s3.us-east-2.amazonaws.com/icon/people.svg', 'Plazas', '2');

INSERT INTO `PI_GRUPO10`.`caracteristica` (`id`, `icono`, `nombre`, `valor`) VALUES ('4', 'https://ubicarbd.s3.us-east-2.amazonaws.com/icon/box-arrow-right.svg', 'Puertas', '5');
INSERT INTO `PI_GRUPO10`.`caracteristica` (`id`, `icono`, `nombre`, `valor`) VALUES ('5', 'https://ubicarbd.s3.us-east-2.amazonaws.com/icon/box-arrow-right.svg', 'Puertas', '4');
INSERT INTO `PI_GRUPO10`.`caracteristica` (`id`, `icono`, `nombre`, `valor`) VALUES ('6', 'https://ubicarbd.s3.us-east-2.amazonaws.com/icon/box-arrow-right.svg', 'Puertas', '2');

INSERT INTO `PI_GRUPO10`.`caracteristica` (`id`, `icono`, `nombre`, `valor`) VALUES ('7', 'https://ubicarbd.s3.us-east-2.amazonaws.com/icon/handbag.svg', 'Maletas', '4 grandes');
INSERT INTO `PI_GRUPO10`.`caracteristica` (`id`, `icono`, `nombre`, `valor`) VALUES ('8', 'https://ubicarbd.s3.us-east-2.amazonaws.com/icon/handbag.svg', 'Maletas', '3 grandes');
INSERT INTO `PI_GRUPO10`.`caracteristica` (`id`, `icono`, `nombre`, `valor`) VALUES ('9', 'https://ubicarbd.s3.us-east-2.amazonaws.com/icon/handbag.svg', 'Maletas', '2 grandes');

INSERT INTO `PI_GRUPO10`.`caracteristica` (`id`, `icono`, `nombre`, `valor`) VALUES ('10', 'https://ubicarbd.s3.us-east-2.amazonaws.com/icon/fuel-pump.svg', 'Capacidad tanque', '40 Litros');
INSERT INTO `PI_GRUPO10`.`caracteristica` (`id`, `icono`, `nombre`, `valor`) VALUES ('11', 'https://ubicarbd.s3.us-east-2.amazonaws.com/icon/fuel-pump.svg', 'Capacidad tanque', '45 Litros');
INSERT INTO `PI_GRUPO10`.`caracteristica` (`id`, `icono`, `nombre`, `valor`) VALUES ('12', 'https://ubicarbd.s3.us-east-2.amazonaws.com/icon/fuel-pump.svg', 'Capacidad tanque', '50 Litros');

INSERT INTO `PI_GRUPO10`.`caracteristica` (`id`, `icono`, `nombre`, `valor`) VALUES ('13', 'https://ubicarbd.s3.us-east-2.amazonaws.com/icon/geo.svg', 'Caja', 'Automática');
INSERT INTO `PI_GRUPO10`.`caracteristica` (`id`, `icono`, `nombre`, `valor`) VALUES ('14', 'https://ubicarbd.s3.us-east-2.amazonaws.com/icon/geo.svg', 'Caja', 'Manual');

INSERT INTO `PI_GRUPO10`.`caracteristica` (`id`, `icono`, `nombre`, `valor`) VALUES ('15', 'https://ubicarbd.s3.us-east-2.amazonaws.com/icon/cloud-fog2.svg', 'Bolsas de Aire', '2');
INSERT INTO `PI_GRUPO10`.`caracteristica` (`id`, `icono`, `nombre`, `valor`) VALUES ('16', 'https://ubicarbd.s3.us-east-2.amazonaws.com/icon/cloud-fog2.svg', 'Bolsas de Aire', '4');
INSERT INTO `PI_GRUPO10`.`caracteristica` (`id`, `icono`, `nombre`, `valor`) VALUES ('17', 'https://ubicarbd.s3.us-east-2.amazonaws.com/icon/cloud-fog2.svg', 'Bolsas de Aire', '6');

INSERT INTO `PI_GRUPO10`.`caracteristica` (`id`, `icono`, `nombre`, `valor`) VALUES ('18', 'https://ubicarbd.s3.us-east-2.amazonaws.com/icon/lock.svg', 'Bloqueo central', 'Sí');
INSERT INTO `PI_GRUPO10`.`caracteristica` (`id`, `icono`, `nombre`, `valor`) VALUES ('19', 'https://ubicarbd.s3.us-east-2.amazonaws.com/icon/lock.svg', 'Bloqueo central', 'No');

INSERT INTO `PI_GRUPO10`.`caracteristica` (`id`, `icono`, `nombre`, `valor`) VALUES ('20', 'https://ubicarbd.s3.us-east-2.amazonaws.com/icon/bluetooth.svg', 'Bluetooth', 'Sí');
INSERT INTO `PI_GRUPO10`.`caracteristica` (`id`, `icono`, `nombre`, `valor`) VALUES ('21', 'https://ubicarbd.s3.us-east-2.amazonaws.com/icon/bluetooth.svg', 'Bluetooth', 'No');

INSERT INTO `PI_GRUPO10`.`caracteristica` (`id`, `icono`, `nombre`, `valor`) VALUES ('22', 'https://ubicarbd.s3.us-east-2.amazonaws.com/icon/lightning-charge.svg', 'Autonomía', '450 Km');
INSERT INTO `PI_GRUPO10`.`caracteristica` (`id`, `icono`, `nombre`, `valor`) VALUES ('23', 'https://ubicarbd.s3.us-east-2.amazonaws.com/icon/lightning-charge.svg', 'Autonomía', '500 Km');

INSERT INTO `PI_GRUPO10`.`caracteristica` (`id`, `icono`, `nombre`, `valor`) VALUES ('24', 'https://ubicarbd.s3.us-east-2.amazonaws.com/icon/compass.svg', 'GPS', 'Sí');
INSERT INTO `PI_GRUPO10`.`caracteristica` (`id`, `icono`, `nombre`, `valor`) VALUES ('25', 'https://ubicarbd.s3.us-east-2.amazonaws.com/icon/compass.svg', 'GPS', 'No');

INSERT INTO `PI_GRUPO10`.`caracteristica` (`id`, `icono`, `nombre`, `valor`) VALUES ('26', 'https://ubicarbd.s3.us-east-2.amazonaws.com/icon/lightning-charge.svg', 'Potencia', '300 Hp');
INSERT INTO `PI_GRUPO10`.`caracteristica` (`id`, `icono`, `nombre`, `valor`) VALUES ('27', 'https://ubicarbd.s3.us-east-2.amazonaws.com/icon/lightning-charge.svg', 'Potencia', '640 Hp');

INSERT INTO `PI_GRUPO10`.`caracteristica` (`id`, `icono`, `nombre`, `valor`) VALUES ('28', 'https://ubicarbd.s3.us-east-2.amazonaws.com/icon/speedometer2.svg', 'Velocidad Max', '250 Km/h');
INSERT INTO `PI_GRUPO10`.`caracteristica` (`id`, `icono`, `nombre`, `valor`) VALUES ('29', 'https://ubicarbd.s3.us-east-2.amazonaws.com/icon/speedometer2.svg', 'Velocidad Max', '320 Km/h');

INSERT INTO `PI_GRUPO10`.`caracteristica` (`id`, `icono`, `nombre`, `valor`) VALUES ('30', 'https://ubicarbd.s3.us-east-2.amazonaws.com/icon/stopwatch.svg', 'Aceleracion a 100 Km/h', '2.4 Segundos');
INSERT INTO `PI_GRUPO10`.`caracteristica` (`id`, `icono`, `nombre`, `valor`) VALUES ('31', 'https://ubicarbd.s3.us-east-2.amazonaws.com/icon/stopwatch.svg', 'Aceleracion a 100 Km/h', '3.4 Segundos');

INSERT INTO `PI_GRUPO10`.`caracteristica` (`id`, `icono`, `nombre`, `valor`) VALUES ('32', 'https://ubicarbd.s3.us-east-2.amazonaws.com/icon/moisture.svg', 'Capacidad del motor', '4000 CC');
INSERT INTO `PI_GRUPO10`.`caracteristica` (`id`, `icono`, `nombre`, `valor`) VALUES ('33', 'https://ubicarbd.s3.us-east-2.amazonaws.com/icon/moisture.svg', 'Capacidad del motor', '6500 CC');

-- -----------------------------------------------------
/*Creando las políticas*/
-- -----------------------------------------------------

INSERT INTO `PI_GRUPO10`.`politica` (`id`, `descripcion`, `titulo`) VALUES ('1', 'Todos nuestros autos cuentan con Seguro de Vida todo Riesgo, Seguro de Daños Parciales,  Asistencia 24/7 con la aseguradora y kilometraje ilimitado. Además se aplican las siguientes políticas: Depósito de seguridad, Política de Documentación, Cancelación y devolución, Política combustible/carga, Política de daños y Tratamiento de datos. Al realizar una reserva acepta todas nuestras políticas.', 'Políticas generales');
INSERT INTO `PI_GRUPO10`.`politica` (`id`, `descripcion`, `titulo`) VALUES ('2', 'Con la aseguradora Seguros Water, contará con servicio al cliente en al ruta, atención telefónica psicológica y jurídica en caso de siniestros con el auro rentado autos. Importante: El servicio se hace través del #624.', 'Asistencia 24/7');
INSERT INTO `PI_GRUPO10`.`politica` (`id`, `descripcion`, `titulo`) VALUES ('3', 'La cancelación no tendrá costo si se hace con 3 días de anticipación, de lo contradio pagarás el 20% del alquiler. La devolución se hará efectiva una vez aplicadas las políticas de cancelación al medio original de pago dentro de 30 días hábiles.', 'Cancelación y devolución');
INSERT INTO `PI_GRUPO10`.`politica` (`id`, `descripcion`, `titulo`) VALUES ('4', 'Durante la recogida, al conductor principal se le bloqueará un depósito de seguridad seguridad de ARS 1.295 en su tarjeta de crédito o débito. ', 'Depósito de seguridad');
INSERT INTO `PI_GRUPO10`.`politica` (`id`, `descripcion`, `titulo`) VALUES ('5', 'Para recoger el auto necesitarás: pasaporte o carnet de identidad, permiso de conducir, tarjeta de crédito o débito.', 'Documentación');
INSERT INTO `PI_GRUPO10`.`politica` (`id`, `descripcion`, `titulo`) VALUES ('6', 'El auto debe entregarse con el tanque o la batería en un 80% de capacidad, tal cual le fue entregado. En caso de no ser así se descontará un porcentaje equivalente al faltante del depósito.', 'Política combustible/carga');
INSERT INTO `PI_GRUPO10`.`politica` (`id`, `descripcion`, `titulo`) VALUES ('7', 'Si la carrocería del vehículo resulta dañada, estarás protegido por la Cobertura ARS 1.200 parcial por Colisión. La Cobertura Parcial por Colisión sólo será válida si se cumplen los términos del contrato de alquiler. ', 'Política de daños');
INSERT INTO `PI_GRUPO10`.`politica` (`id`, `descripcion`, `titulo`) VALUES ('8', 'Con la Aseguradora Seguros Water, tienes la opción de cobertura amplia, permite la protección integral de los ocupantes del vehículo y del mismo ante cualquier eventualidad durante la duración del alquiler.', 'Seguro de vida todo riesgo');
INSERT INTO `PI_GRUPO10`.`politica` (`id`, `descripcion`, `titulo`) VALUES ('9', 'Se hacen de acuerdo a la "Ley 25.326 PROTECCION DE LOS DATOS PERSONALES" y en conformidad a todo lo requerido por el Gobierno Argentino.', 'Tratamiento de datos');

-- -----------------------------------------------------
/*Agregando las características a los productos*/
-- -----------------------------------------------------

INSERT INTO `PI_GRUPO10`.`producto_has_caracteristica` (`producto_id`, `caracteristica_id`) VALUES ('1', '3'), ('1', '6'), ('1', '13'), ('1', '24'), ('1', '26'), ('1', '28'), ('1', '31'), ('1', '32');
INSERT INTO `PI_GRUPO10`.`producto_has_caracteristica` (`producto_id`, `caracteristica_id`) VALUES ('2', '3'), ('2', '6'), ('2', '13'), ('2', '24'), ('2', '26'), ('2', '29'), ('2', '30'), ('2', '32');
INSERT INTO `PI_GRUPO10`.`producto_has_caracteristica` (`producto_id`, `caracteristica_id`) VALUES ('3', '3'), ('3', '6'), ('3', '13'), ('3', '24'), ('3', '27'), ('3', '29'), ('3', '30'), ('3', '33');
INSERT INTO `PI_GRUPO10`.`producto_has_caracteristica` (`producto_id`, `caracteristica_id`) VALUES ('4', '3'), ('4', '6'), ('4', '13'), ('4', '24'), ('4', '27'), ('4', '29'), ('4', '30'), ('4', '33');
INSERT INTO `PI_GRUPO10`.`producto_has_caracteristica` (`producto_id`, `caracteristica_id`) VALUES ('5', '3'), ('5', '6'), ('5', '13'), ('5', '24'), ('5', '27'), ('5', '29'), ('5', '30'), ('5', '33');
INSERT INTO `PI_GRUPO10`.`producto_has_caracteristica` (`producto_id`, `caracteristica_id`) VALUES ('6', '2'), ('6', '6'), ('6', '13'), ('6', '24'), ('6', '26'), ('6', '28'), ('6', '31'), ('6', '32');
INSERT INTO `PI_GRUPO10`.`producto_has_caracteristica` (`producto_id`, `caracteristica_id`) VALUES ('7', '2'), ('7', '6'), ('7', '13'), ('7', '24'), ('7', '27'), ('7', '29'), ('7', '31'), ('7', '32');
INSERT INTO `PI_GRUPO10`.`producto_has_caracteristica` (`producto_id`, `caracteristica_id`) VALUES ('8', '2'), ('8', '6'), ('8', '13'), ('8', '24'), ('8', '27'), ('8', '29'), ('8', '31'), ('8', '33');
INSERT INTO `PI_GRUPO10`.`producto_has_caracteristica` (`producto_id`, `caracteristica_id`) VALUES ('9', '1'), ('9', '4'), ('9', '7'), ('9', '23'), ('9', '14'), ('9', '17'), ('9', '18'), ('9', '20');
INSERT INTO `PI_GRUPO10`.`producto_has_caracteristica` (`producto_id`, `caracteristica_id`) VALUES ('10', '2'), ('10', '6'), ('10', '9'), ('10', '22'), ('10', '14'), ('10', '17'), ('10', '18'), ('10', '20');
INSERT INTO `PI_GRUPO10`.`producto_has_caracteristica` (`producto_id`, `caracteristica_id`) VALUES ('11', '1'), ('11', '4'), ('11', '8'), ('11', '23'), ('11', '13'), ('11', '17'), ('11', '18'), ('11', '20');
INSERT INTO `PI_GRUPO10`.`producto_has_caracteristica` (`producto_id`, `caracteristica_id`) VALUES ('12', '1'), ('12', '5'), ('12', '8'), ('12', '22'), ('12', '13'), ('12', '16'), ('12', '19'), ('12', '20');
INSERT INTO `PI_GRUPO10`.`producto_has_caracteristica` (`producto_id`, `caracteristica_id`) VALUES ('13', '3'), ('13', '6'), ('13', '9'), ('13', '22'), ('13', '13'), ('13', '16'), ('13', '19'), ('13', '20');
INSERT INTO `PI_GRUPO10`.`producto_has_caracteristica` (`producto_id`, `caracteristica_id`) VALUES ('14', '1'), ('14', '4'), ('14', '8'), ('14', '23'), ('14', '13'), ('14', '16'), ('14', '18'), ('14', '20');
INSERT INTO `PI_GRUPO10`.`producto_has_caracteristica` (`producto_id`, `caracteristica_id`) VALUES ('15', '1'), ('15', '4'), ('15', '8'), ('15', '23'), ('15', '14'), ('15', '17'), ('15', '18'), ('15', '20');
INSERT INTO `PI_GRUPO10`.`producto_has_caracteristica` (`producto_id`, `caracteristica_id`) VALUES ('16', '1'), ('16', '5'), ('16', '8'), ('16', '23'), ('16', '13'), ('16', '16'), ('16', '18'), ('16', '20');
INSERT INTO `PI_GRUPO10`.`producto_has_caracteristica` (`producto_id`, `caracteristica_id`) VALUES ('17', '1'), ('17', '5'), ('17', '7'), ('17', '10'), ('17', '13'), ('17', '16'), ('17', '18'), ('17', '20');
INSERT INTO `PI_GRUPO10`.`producto_has_caracteristica` (`producto_id`, `caracteristica_id`) VALUES ('18', '1'), ('18', '5'), ('18', '7'), ('18', '12'), ('18', '13'), ('18', '16'), ('18', '18'), ('18', '20');
INSERT INTO `PI_GRUPO10`.`producto_has_caracteristica` (`producto_id`, `caracteristica_id`) VALUES ('19', '1'), ('19', '5'), ('19', '8'), ('19', '11'), ('19', '13'), ('19', '15'), ('19', '18'), ('19', '20');
INSERT INTO `PI_GRUPO10`.`producto_has_caracteristica` (`producto_id`, `caracteristica_id`) VALUES ('20', '1'), ('20', '5'), ('20', '8'), ('20', '10'), ('20', '14'), ('20', '16'), ('20', '18'), ('20', '20');
INSERT INTO `PI_GRUPO10`.`producto_has_caracteristica` (`producto_id`, `caracteristica_id`) VALUES ('21', '1'), ('21', '5'), ('21', '9'), ('21', '10'), ('21', '13'), ('21', '15'), ('21', '18'), ('21', '20');
INSERT INTO `PI_GRUPO10`.`producto_has_caracteristica` (`producto_id`, `caracteristica_id`) VALUES ('22', '1'), ('22', '5'), ('22', '9'), ('22', '11'), ('22', '13'), ('22', '15'), ('22', '18'), ('22', '20');
INSERT INTO `PI_GRUPO10`.`producto_has_caracteristica` (`producto_id`, `caracteristica_id`) VALUES ('23', '1'), ('23', '5'), ('23', '9'), ('23', '10'), ('23', '14'), ('23', '15'), ('23', '18'), ('23', '20');
INSERT INTO `PI_GRUPO10`.`producto_has_caracteristica` (`producto_id`, `caracteristica_id`) VALUES ('24', '1'), ('24', '5'), ('24', '9'), ('24', '10'), ('24', '13'), ('24', '17'), ('24', '18'), ('24', '20');
INSERT INTO `PI_GRUPO10`.`producto_has_caracteristica` (`producto_id`, `caracteristica_id`) VALUES ('25', '1'), ('25', '4'), ('25', '7'), ('25', '12'), ('25', '13'), ('25', '17'), ('25', '18'), ('25', '20');
INSERT INTO `PI_GRUPO10`.`producto_has_caracteristica` (`producto_id`, `caracteristica_id`) VALUES ('26', '1'), ('26', '5'), ('26', '7'), ('26', '11'), ('26', '13'), ('26', '17'), ('26', '18'), ('26', '20');
INSERT INTO `PI_GRUPO10`.`producto_has_caracteristica` (`producto_id`, `caracteristica_id`) VALUES ('27', '1'), ('27', '5'), ('27', '7'), ('27', '12'), ('27', '13'), ('27', '17'), ('27', '18'), ('27', '20');
INSERT INTO `PI_GRUPO10`.`producto_has_caracteristica` (`producto_id`, `caracteristica_id`) VALUES ('28', '2'), ('28', '6'), ('28', '8'), ('28', '11'), ('28', '13'), ('28', '17'), ('28', '18'), ('28', '20');
INSERT INTO `PI_GRUPO10`.`producto_has_caracteristica` (`producto_id`, `caracteristica_id`) VALUES ('29', '2'), ('29', '6'), ('29', '8'), ('29', '11'), ('29', '13'), ('29', '17'), ('29', '18'), ('29', '20');
INSERT INTO `PI_GRUPO10`.`producto_has_caracteristica` (`producto_id`, `caracteristica_id`) VALUES ('30', '2'), ('30', '6'), ('30', '8'), ('30', '12'), ('30', '13'), ('30', '16'), ('30', '18'), ('30', '20');
INSERT INTO `PI_GRUPO10`.`producto_has_caracteristica` (`producto_id`, `caracteristica_id`) VALUES ('31', '2'), ('31', '6'), ('31', '9'), ('31', '10'), ('31', '13'), ('31', '17'), ('31', '18'), ('31', '20');
/*INSERT INTO `PI_GRUPO10`.`producto_has_caracteristica` (`producto_id`, `caracteristica_id`) VALUES ('32', '1'), ('32', '5'), ('32', '7'), ('32', '10'), ('32', '13'), ('32', '17'), ('32', '18'), ('32', '20');*/

-- -----------------------------------------------------
/*Agregando roles admin cliente*/
-- -----------------------------------------------------

INSERT INTO `PI_GRUPO10`.`rol` (`id`, `nombre`) VALUES ('1', 'Administrador');
INSERT INTO `PI_GRUPO10`.`rol` (`id`, `nombre`) VALUES ('2', 'Cliente');

-- -----------------------------------------------------
/*Agregando un admin y un cliente*/
-- -----------------------------------------------------

INSERT INTO `PI_GRUPO10`.`usuario` (`id`, `apellido`, `contrasenia`, `email`, `nombre`, `rol_id`) VALUES ('1', 'Smith', 'Smith123', 'el.cliente@correo.com', 'Sam', '2');
INSERT INTO `PI_GRUPO10`.`usuario` (`id`, `apellido`, `contrasenia`, `email`, `nombre`, `rol_id`) VALUES ('2', 'Bauman', 'Bauman123', 'el.admin@correo.com', 'Peter', '1');

-- -----------------------------------------------------
/*Agregando una reserva*/
-- -----------------------------------------------------

INSERT INTO `PI_GRUPO10`.`reserva` (`id`, `fecha_inicio`, `fecha_fin`, `hora_inicio`, `producto_id`, `usuario_id`) VALUES ('1', '2023-01-01', '2023-01-15', '10:00', '30', '1');
INSERT INTO `PI_GRUPO10`.`reserva` (`id`, `fecha_inicio`, `fecha_fin`, `hora_inicio`, `producto_id`, `usuario_id`) VALUES ('2', '2023-01-15', '2023-01-30', '13:30', '1', '1');